{"transformer_nmt": [60.42482022100012, 175867], "transformer_words_nmt": [25.30526070400083, 175867]}