{"transformer": [73.47255045000202, 236308], "transformer word": [37.15631686800043, 236308]}