{"gnn\\textsuperscript{+} $\\rightarrow$ transformer": [46.40528250299394, 236308], "transformer\\textsuperscript{+} $\\rightarrow$ transformer": [47.203940708997834, 236308], "gnn\\textsuperscript{+} $\\rightarrow$ transformer word": [13.657302853993315, 236308], "transformer\\textsuperscript{+} $\\rightarrow$ transformer word": [13.523408675006067, 236308]}