{"transformer_nmt": [87.042771901999, 175867], "transformer_words_nmt": [65.56247996300044, 175867]}