{"transformer": [65.08325776700076, 174880], "transformer word": [27.980680926999412, 174880], "transformer with tokenization repair": [71.14561433800009, 174880], "tokenization repair\\textsuperscript{++}": [40.56263757399938, 174880]}