{"gnn": [6.615306480000072, 174880], "transformer": [3.4563109489990893, 174880], "transformer\\textsuperscript{+}": [3.6764348369997606, 174880], "gnn\\textsuperscript{+}": [6.76949189699917, 174880], "tokenization repair\\textsuperscript{+}": [8.69962262899935, 174880]}