{"gnn": [9.207193576999998, 236308], "transformer": [4.771510357000807, 236308], "transformer\\textsuperscript{+}": [5.585048179003934, 236308], "gnn\\textsuperscript{+}": [9.7400591800033, 236308], "tokenization repair\\textsuperscript{+}/tokenization repair\\textsuperscript{++}": [13.115764742993633, 236308]}