{"gnn": [5.476484545999483, 175867], "transformer": [2.4388172839990148, 175867], "transformer+": [3.1135571710001386, 175867]}