{"gnn": [6.032822203000251, 175867], "transformer": [2.696371423999153, 175867], "transformer+": [3.274699260999114, 175867], "gnn+": [6.264162076000503, 175867], "tokenization_repair+": [8.90006778300085, 175867]}