{"eo small": [3.5019451059997664, 175867], "eo medium": [4.21704805400077, 175867], "eo large": [5.83712776399625, 175867]}