{"eo small": [5.848475446000521, 236286], "eo medium": [6.134517170001345, 236286], "eo large": [7.897588185995119, 236286]}